{
  "kind": "spec_vs_diff_report",
  "version": "1.0",
  "generatedAt": "2026-02-08T14:16:02.055Z",
  "summary": "The diff clearly introduces a new MONTHLY_BILL_MAX of 100000 and adds clamping logic for monthly bill input/slider values, including handling empty/NaN. However, the truncated SolarCalculator.tsx excerpt does not show the actual Slider props or the min/max range labels, so REQ-1’s UI/slider-max/label updates cannot be fully verified from the provided evidence.",
  "missing_requirements": [
    {
      "id": "REQ-1",
      "requirement": "Ensure the Monthly Electricity Bill slider max is 100000 and the UI min/max labels consistently reflect the new max (₹100,000 / ₹1,00,000), and the slider can be dragged to 100,000 with the displayed value updating accordingly.",
      "reason": "Although MONTHLY_BILL_MAX is set to 100000, the diff excerpt is truncated before the JSX showing the Slider configuration and the displayed min/max labels. Without seeing the Slider's `max` prop and the label text, the acceptance criteria for the slider max and label change cannot be confirmed.",
      "evidence": [
        "frontend/src/components/SolarCalculator.tsx (truncated; JSX with Slider/labels not shown)"
      ]
    }
  ],
  "hallucinated_features": [
    {
      "description": "Updated/added project tracking metadata in project_state.json (new_feature_requests entries, summary/version changes).",
      "reason": "The BuildRequest only asks for frontend calculator behavior/UI changes; it does not request edits to repository project state metadata.",
      "evidence": [
        "project_state.json"
      ]
    },
    {
      "description": "Updated frontend-file-summaries.txt content (repository documentation/summary data).",
      "reason": "The BuildRequest does not ask for generating or modifying file summary documentation.",
      "evidence": [
        "frontend-file-summaries.txt"
      ]
    }
  ],
  "confidence": 0.62,
  "changed_files": [
    "frontend-file-summaries.txt",
    "frontend/src/components/SolarCalculator.tsx",
    "project_state.json"
  ]
}